{"S5_Transformer_mape": 0.05784079432487488, "S5_Transformer_mse": 350034.03125, "S5_Transformer_mae": 372.8807067871094, "S5_Autoformer_mape": 0.04787123203277588, "S5_Autoformer_mse": 211141.8125, "S5_Autoformer_mae": 293.5357971191406, "S5_Informer_mape": 0.0643947646021843, "S5_Informer_mse": 343864.53125, "S5_Informer_mae": 403.0333557128906, "S4_Informer_mape": 0.04956759512424469, "S4_Informer_mse": 112177.875, "S4_Informer_mae": 265.15594482421875, "S1_Informer_mape": 0.06260323524475098, "S1_Informer_mse": 71211.9296875, "S1_Informer_mae": 233.0499267578125, "S3_Informer_mape": 0.045665252953767776, "S3_Informer_mse": 65986.390625, "S3_Informer_mae": 198.75320434570312, "S1_Transformer_mape": 0.08931652456521988, "S1_Transformer_mse": 118402.25, "S1_Transformer_mae": 321.57379150390625}