{"S2_Transformer_mape": 0.09731600433588028, "S2_Transformer_mse": 229537.828125, "S2_Transformer_mae": 415.5074462890625, "S1_Transformer_mape": 0.075530506670475, "S1_Transformer_mse": 92775.109375, "S1_Transformer_mae": 272.3497314453125, "S3_Transformer_mape": 0.026021916419267654, "S3_Transformer_mse": 29508.228515625, "S3_Transformer_mae": 115.32718658447266, "S4_Transformer_mape": 0.07832907885313034, "S4_Transformer_mse": 287338.875, "S4_Transformer_mae": 409.68304443359375, "S1_Autoformer_mape": 0.026478905230760574, "S1_Autoformer_mse": 13317.2294921875, "S1_Autoformer_mae": 97.66058349609375, "S2_Autoformer_mape": 0.07274147123098373, "S2_Autoformer_mse": 147997.0625, "S2_Autoformer_mae": 308.2662353515625, "S3_Autoformer_mape": 0.03770377114415169, "S3_Autoformer_mse": 58025.53515625, "S3_Autoformer_mae": 167.36436462402344, "S4_Autoformer_mape": 0.02862347476184368, "S4_Autoformer_mse": 46061.578125, "S4_Autoformer_mae": 154.32254028320312, "S1_FEDformer_mape": 0.15318070352077484, "S1_FEDformer_mse": 496315.875, "S1_FEDformer_mae": 520.7691040039062, "S2_FEDformer_mape": 0.12896417081356049, "S2_FEDformer_mse": 507141.71875, "S2_FEDformer_mae": 535.4825439453125, "S5_MLP_mape": 0.0994062012842762, "S5_MLP_mse": 825613.6397938202, "S5_MLP_mae": 612.1729738401173, "S4_MLP_mape": 0.08267852232955937, "S4_MLP_mse": 291580.61769749084, "S4_MLP_mae": 444.4219655892181, "S3_MLP_mape": 0.06398626537866879, "S3_MLP_mse": 131583.61969555463, "S3_MLP_mae": 285.4539318118073, "S2_MLP_mape": 0.0824973337933716, "S2_MLP_mse": 222512.9430271816, "S2_MLP_mae": 363.33372771484494, "S1_MLP_mape": 0.10179985460262886, "S1_MLP_mse": 180033.86878634774, "S1_MLP_mae": 381.06432647207134, "S1_SVR_mape": 0.09250074510917985, "S1_SVR_mse": 115744.80543519028, "S1_SVR_mae": 333.6837421096542, "S2_SVR_mape": 0.15207854671425522, "S2_SVR_mse": 608854.5819353195, "S2_SVR_mae": 679.0349336852255, "S3_SVR_mape": 0.08418721200029124, "S3_SVR_mse": 213097.8645028604, "S3_SVR_mae": 379.6704135553595, "S4_SVR_mape": 0.16063571149481448, "S4_SVR_mse": 1024510.933555299, "S4_SVR_mae": 879.626844116334, "S5_SVR_mape": 0.22160189791795012, "S5_SVR_mse": 2957766.676963605, "S5_SVR_mae": 1438.966572113599, "S1_Xgboost_mape": 0.09452732219663239, "S1_Xgboost_mse": 123514.91037469123, "S1_Xgboost_mae": 338.8576958381392, "S2_Xgboost_mape": 0.08715095199278433, "S2_Xgboost_mse": 205344.05499058167, "S2_Xgboost_mae": 381.59379885408356, "S3_Xgboost_mape": 0.05927879727397537, "S3_Xgboost_mse": 98226.56523954519, "S3_Xgboost_mae": 259.6653475729774, "S4_Xgboost_mape": 0.05532374068211417, "S4_Xgboost_mse": 166469.02340347695, "S4_Xgboost_mae": 304.6143173143832, "S5_Xgboost_mape": 0.07008761579943953, "S5_Xgboost_mse": 452554.2988029116, "S5_Xgboost_mae": 451.9662682274482, "S3_FEDformer_mape": 0.21223221719264984, "S3_FEDformer_mse": 1778604.75, "S3_FEDformer_mae": 1110.40771484375, "S4_FEDformer_mape": 0.16430461406707764, "S4_FEDformer_mse": 1147759.25, "S4_FEDformer_mae": 872.763916015625, "S2_Informer_mape": 0.10239070653915405, "S2_Informer_mse": 266987.46875, "S2_Informer_mae": 453.1683349609375, "S3_Informer_mape": 0.04019111394882202, "S3_Informer_mse": 46832.6328125, "S3_Informer_mae": 176.60960388183594, "S4_Informer_mape": 0.06369642168283463, "S4_Informer_mse": 187073.1875, "S4_Informer_mae": 347.1054992675781, "S5_Autoformer_mape": 0.056028351187705994, "S5_Autoformer_mse": 307832.15625, "S5_Autoformer_mae": 347.8726501464844, "S5_Informer_mape": 0.07904709130525589, "S5_Informer_mse": 518855.5, "S5_Informer_mae": 518.8103637695312}